--Insert
INSERT [dbo].[Branch] ([Branch_ID], [Branch_Name]) VALUES (1, N'Cairo')
INSERT [dbo].[Branch] ([Branch_ID], [Branch_Name]) VALUES (2, N'Alexandria')
INSERT [dbo].[Branch] ([Branch_ID], [Branch_Name]) VALUES (3, N'Beni-Suef')
INSERT [dbo].[Branch] ([Branch_ID], [Branch_Name]) VALUES (4, N'Mansoura')
INSERT [dbo].[Branch] ([Branch_ID], [Branch_Name]) VALUES (5, N'Tanta')
INSERT [dbo].[Branch] ([Branch_ID], [Branch_Name]) VALUES (6, N'Qina')
GO
INSERT [dbo].[Course] ([Course_ID], [Min_Degree], [Max_Degree], [Name], [Description]) VALUES (1, 10, 60, N'SQL', NULL)
INSERT [dbo].[Course] ([Course_ID], [Min_Degree], [Max_Degree], [Name], [Description]) VALUES (2, 10, 30, N'Java', NULL)
INSERT [dbo].[Course] ([Course_ID], [Min_Degree], [Max_Degree], [Name], [Description]) VALUES (3, 10, 30, N'English', NULL)
INSERT [dbo].[Course] ([Course_ID], [Min_Degree], [Max_Degree], [Name], [Description]) VALUES (4, 10, 30, N'Spanish', NULL)
INSERT [dbo].[Course] ([Course_ID], [Min_Degree], [Max_Degree], [Name], [Description]) VALUES (5, 10, 30, N'HTML', NULL)
INSERT [dbo].[Course] ([Course_ID], [Min_Degree], [Max_Degree], [Name], [Description]) VALUES (6, 10, 30, N'CSS', NULL)
GO
INSERT [dbo].[Course_Branch] ([Course_ID], [Branch_ID]) VALUES (1, 1)
INSERT [dbo].[Course_Branch] ([Course_ID], [Branch_ID]) VALUES (2, 2)
INSERT [dbo].[Course_Branch] ([Course_ID], [Branch_ID]) VALUES (3, 3)
INSERT [dbo].[Course_Branch] ([Course_ID], [Branch_ID]) VALUES (4, 4)
INSERT [dbo].[Course_Branch] ([Course_ID], [Branch_ID]) VALUES (5, 5)
INSERT [dbo].[Course_Branch] ([Course_ID], [Branch_ID]) VALUES (6, 6)
GO
INSERT [dbo].[Course_Exams] ([Exam_ID], [Course_ID]) VALUES (1, 1)
INSERT [dbo].[Course_Exams] ([Exam_ID], [Course_ID]) VALUES (2, 2)
INSERT [dbo].[Course_Exams] ([Exam_ID], [Course_ID]) VALUES (3, 3)
INSERT [dbo].[Course_Exams] ([Exam_ID], [Course_ID]) VALUES (4, 1)
INSERT [dbo].[Course_Exams] ([Exam_ID], [Course_ID]) VALUES (5, 5)
INSERT [dbo].[Course_Exams] ([Exam_ID], [Course_ID]) VALUES (6, 6)
GO
INSERT [dbo].[Course_Intake] ([Course_ID], [Intake_ID]) VALUES (1, 1)
INSERT [dbo].[Course_Intake] ([Course_ID], [Intake_ID]) VALUES (2, 2)
INSERT [dbo].[Course_Intake] ([Course_ID], [Intake_ID]) VALUES (3, 3)
INSERT [dbo].[Course_Intake] ([Course_ID], [Intake_ID]) VALUES (4, 4)
INSERT [dbo].[Course_Intake] ([Course_ID], [Intake_ID]) VALUES (5, 5)
INSERT [dbo].[Course_Intake] ([Course_ID], [Intake_ID]) VALUES (6, 6)
GO
INSERT [dbo].[Course_Track] ([Course_ID], [Track_ID]) VALUES (1, 1)
INSERT [dbo].[Course_Track] ([Course_ID], [Track_ID]) VALUES (2, 2)
INSERT [dbo].[Course_Track] ([Course_ID], [Track_ID]) VALUES (3, 3)
INSERT [dbo].[Course_Track] ([Course_ID], [Track_ID]) VALUES (4, 4)
INSERT [dbo].[Course_Track] ([Course_ID], [Track_ID]) VALUES (5, 5)
INSERT [dbo].[Course_Track] ([Course_ID], [Track_ID]) VALUES (6, 6)
GO
INSERT [dbo].[Exam] ([Exam_ID], [Exam_Degree], [Allowance_Option], [Normal_Exam], [Corrective_Exam]) VALUES (1, 60, NULL, 1, 0)
INSERT [dbo].[Exam] ([Exam_ID], [Exam_Degree], [Allowance_Option], [Normal_Exam], [Corrective_Exam]) VALUES (2, 30, NULL, 0, 1)
INSERT [dbo].[Exam] ([Exam_ID], [Exam_Degree], [Allowance_Option], [Normal_Exam], [Corrective_Exam]) VALUES (3, 20, NULL, 0, 1)
INSERT [dbo].[Exam] ([Exam_ID], [Exam_Degree], [Allowance_Option], [Normal_Exam], [Corrective_Exam]) VALUES (4, 30, NULL, 1, 0)
INSERT [dbo].[Exam] ([Exam_ID], [Exam_Degree], [Allowance_Option], [Normal_Exam], [Corrective_Exam]) VALUES (5, 20, NULL, 0, 1)
INSERT [dbo].[Exam] ([Exam_ID], [Exam_Degree], [Allowance_Option], [Normal_Exam], [Corrective_Exam]) VALUES (6, 30, NULL, 1, 0)
INSERT [dbo].[Exam] ([Exam_ID], [Exam_Degree], [Allowance_Option], [Normal_Exam], [Corrective_Exam]) VALUES (7, 60, NULL, 1, 0)
GO
INSERT [dbo].[Instructor] ([Ins_ID], [Age], [Inst_Name], [Mgr_ID]) VALUES (1, 24, N'Ahmed Fathy', NULL)
INSERT [dbo].[Instructor] ([Ins_ID], [Age], [Inst_Name], [Mgr_ID]) VALUES (2, 20, N'Manal Fahmy', 1)
INSERT [dbo].[Instructor] ([Ins_ID], [Age], [Inst_Name], [Mgr_ID]) VALUES (3, 25, N'Ali Samy', NULL)
INSERT [dbo].[Instructor] ([Ins_ID], [Age], [Inst_Name], [Mgr_ID]) VALUES (4, 25, N'Ali Khaled', NULL)
INSERT [dbo].[Instructor] ([Ins_ID], [Age], [Inst_Name], [Mgr_ID]) VALUES (5, 19, N'Hamdy Fathy', 3)
INSERT [dbo].[Instructor] ([Ins_ID], [Age], [Inst_Name], [Mgr_ID]) VALUES (6, 22, N'Ali Maloul', 4)
GO
INSERT [dbo].[Instructor_Choose_Questions] ([Questions_ID], [Instructor_ID]) VALUES (1, 1)
INSERT [dbo].[Instructor_Choose_Questions] ([Questions_ID], [Instructor_ID]) VALUES (2, 2)
INSERT [dbo].[Instructor_Choose_Questions] ([Questions_ID], [Instructor_ID]) VALUES (3, 3)
INSERT [dbo].[Instructor_Choose_Questions] ([Questions_ID], [Instructor_ID]) VALUES (4, 4)
INSERT [dbo].[Instructor_Choose_Questions] ([Questions_ID], [Instructor_ID]) VALUES (5, 5)
INSERT [dbo].[Instructor_Choose_Questions] ([Questions_ID], [Instructor_ID]) VALUES (6, 6)
GO
INSERT [dbo].[Instructor_Sets_Exam] ([Exam_ID], [Inst_ID], [Start_Time], [End_Time], [Year]) VALUES (1, 1, CAST(N'19:00:00' AS Time), CAST(N'21:00:00' AS Time), CAST(N'2021-02-02' AS Date))
INSERT [dbo].[Instructor_Sets_Exam] ([Exam_ID], [Inst_ID], [Start_Time], [End_Time], [Year]) VALUES (2, 2, CAST(N'09:00:00' AS Time), CAST(N'10:00:00' AS Time), CAST(N'2022-03-03' AS Date))
INSERT [dbo].[Instructor_Sets_Exam] ([Exam_ID], [Inst_ID], [Start_Time], [End_Time], [Year]) VALUES (3, 3, CAST(N'07:00:00' AS Time), CAST(N'08:00:00' AS Time), CAST(N'2023-04-04' AS Date))
INSERT [dbo].[Instructor_Sets_Exam] ([Exam_ID], [Inst_ID], [Start_Time], [End_Time], [Year]) VALUES (4, 4, CAST(N'05:00:00' AS Time), CAST(N'06:00:00' AS Time), CAST(N'2009-08-08' AS Date))
INSERT [dbo].[Instructor_Sets_Exam] ([Exam_ID], [Inst_ID], [Start_Time], [End_Time], [Year]) VALUES (5, 5, CAST(N'03:00:00' AS Time), CAST(N'04:00:00' AS Time), CAST(N'2008-01-01' AS Date))
INSERT [dbo].[Instructor_Sets_Exam] ([Exam_ID], [Inst_ID], [Start_Time], [End_Time], [Year]) VALUES (6, 6, CAST(N'02:00:00' AS Time), CAST(N'03:00:00' AS Time), CAST(N'2006-07-07' AS Date))
INSERT [dbo].[Instructor_Sets_Exam] ([Exam_ID], [Inst_ID], [Start_Time], [End_Time], [Year]) VALUES (7, 1, CAST(N'10:00:00' AS Time), CAST(N'12:00:00' AS Time), CAST(N'2023-04-28' AS Date))
INSERT [dbo].[Instructor_Sets_Exam] ([Exam_ID], [Inst_ID], [Start_Time], [End_Time], [Year]) VALUES (9, 1, CAST(N'10:00:00' AS Time), CAST(N'12:00:00' AS Time), CAST(N'2023-04-28' AS Date))
GO
INSERT [dbo].[Instructor_Teach_Course] ([Course_ID], [Inst_ID]) VALUES (1, 1)
INSERT [dbo].[Instructor_Teach_Course] ([Course_ID], [Inst_ID]) VALUES (2, 2)
INSERT [dbo].[Instructor_Teach_Course] ([Course_ID], [Inst_ID]) VALUES (3, 3)
INSERT [dbo].[Instructor_Teach_Course] ([Course_ID], [Inst_ID]) VALUES (4, 4)
INSERT [dbo].[Instructor_Teach_Course] ([Course_ID], [Inst_ID]) VALUES (5, 5)
INSERT [dbo].[Instructor_Teach_Course] ([Course_ID], [Inst_ID]) VALUES (6, 6)
GO
INSERT [dbo].[Instructor's_Selected_Students] ([Std_ID], [Inst_ID], [Exam_Id]) VALUES (1, 1, 1)
INSERT [dbo].[Instructor's_Selected_Students] ([Std_ID], [Inst_ID], [Exam_Id]) VALUES (1, 1, 2)
GO
INSERT [dbo].[Intake] ([Intake_ID], [Intake_Name]) VALUES (1, N'Programming')
INSERT [dbo].[Intake] ([Intake_ID], [Intake_Name]) VALUES (2, N'English')
INSERT [dbo].[Intake] ([Intake_ID], [Intake_Name]) VALUES (3, N'French')
INSERT [dbo].[Intake] ([Intake_ID], [Intake_Name]) VALUES (4, N'Communication Skills')
INSERT [dbo].[Intake] ([Intake_ID], [Intake_Name]) VALUES (5, N'SQL')
INSERT [dbo].[Intake] ([Intake_ID], [Intake_Name]) VALUES (6, N'C#')
GO
INSERT [dbo].[Questions] ([Questions_ID], [Degree], [Text_Questions], [Correct_Answer_Text_Questions], [True_or_False_Questions], [Correct_Answer_True_or_False], [Choose_An_Answer_Question], [Correct_Answer_Choose_Question], [Course_Id]) VALUES (1, 30, N'Describe Database.', N'Collection of tables.', N'Is C# purly OOP?', 0, N'The first true object oriented language is: a) C++. b) SmallTalk. c) C#.', N'b', 1)
INSERT [dbo].[Questions] ([Questions_ID], [Degree], [Text_Questions], [Correct_Answer_Text_Questions], [True_or_False_Questions], [Correct_Answer_True_or_False], [Choose_An_Answer_Question], [Correct_Answer_Choose_Question], [Course_Id]) VALUES (2, 30, N'What is a Primary key?', N'Unique key and not null constraint.', N'A relation might have multiple foreign keys?', 1, N'The first true object oriented language is: a) C++. b) SmallTalk. c) C#.', N'b', 1)
INSERT [dbo].[Questions] ([Questions_ID], [Degree], [Text_Questions], [Correct_Answer_Text_Questions], [True_or_False_Questions], [Correct_Answer_True_or_False], [Choose_An_Answer_Question], [Correct_Answer_Choose_Question], [Course_Id]) VALUES (3, 30, N'What is an aliac command ?', N'It is refered in where clause to identify table or column.', N'A relation might have multiple foreign keys?', 1, N'Which of the following is not an SQL command: a) forget. b) select. c) where', N'a', 2)
INSERT [dbo].[Questions] ([Questions_ID], [Degree], [Text_Questions], [Correct_Answer_Text_Questions], [True_or_False_Questions], [Correct_Answer_True_or_False], [Choose_An_Answer_Question], [Correct_Answer_Choose_Question], [Course_Id]) VALUES (4, 30, N'What is SQL?', N'SQL stands for Structured Query Language.', N'Is alter a DDL command?', 1, N'The primary key can be: a) null. b) not null. c) both null and not null.', N'b', 2)
INSERT [dbo].[Questions] ([Questions_ID], [Degree], [Text_Questions], [Correct_Answer_Text_Questions], [True_or_False_Questions], [Correct_Answer_True_or_False], [Choose_An_Answer_Question], [Correct_Answer_Choose_Question], [Course_Id]) VALUES (5, 30, N'What is a join?', N'It is a keyword to query data from more tables.', N'Each column can have more than one data type?', 0, N'The primary key can be: a) null. b) not null. c) both null and not null.', N'b', 5)
INSERT [dbo].[Questions] ([Questions_ID], [Degree], [Text_Questions], [Correct_Answer_Text_Questions], [True_or_False_Questions], [Correct_Answer_True_or_False], [Choose_An_Answer_Question], [Correct_Answer_Choose_Question], [Course_Id]) VALUES (6, 30, N'What is a DB query?', N'It is a code that is written to get information back from the DB.', N'The condition in a where clause can refer to only one value?', 0, N'What is a table joined with itself called: a) Join. b) Outer Join. c) self-join.', N'c', 5)
GO
INSERT [dbo].[Questions_Consist_Exam] ([Questions_ID], [Exam_ID]) VALUES (1, 1)
INSERT [dbo].[Questions_Consist_Exam] ([Questions_ID], [Exam_ID]) VALUES (1, 7)
INSERT [dbo].[Questions_Consist_Exam] ([Questions_ID], [Exam_ID]) VALUES (2, 1)
INSERT [dbo].[Questions_Consist_Exam] ([Questions_ID], [Exam_ID]) VALUES (2, 7)
INSERT [dbo].[Questions_Consist_Exam] ([Questions_ID], [Exam_ID]) VALUES (3, 3)
INSERT [dbo].[Questions_Consist_Exam] ([Questions_ID], [Exam_ID]) VALUES (4, 4)
INSERT [dbo].[Questions_Consist_Exam] ([Questions_ID], [Exam_ID]) VALUES (5, 5)
INSERT [dbo].[Questions_Consist_Exam] ([Questions_ID], [Exam_ID]) VALUES (6, 6)
GO
INSERT [dbo].[Student_Branch] ([Std_ID], [Branch_ID]) VALUES (1, 1)
INSERT [dbo].[Student_Branch] ([Std_ID], [Branch_ID]) VALUES (2, 1)
INSERT [dbo].[Student_Branch] ([Std_ID], [Branch_ID]) VALUES (3, 2)
INSERT [dbo].[Student_Branch] ([Std_ID], [Branch_ID]) VALUES (4, 3)
INSERT [dbo].[Student_Branch] ([Std_ID], [Branch_ID]) VALUES (5, 4)
INSERT [dbo].[Student_Branch] ([Std_ID], [Branch_ID]) VALUES (6, 5)
GO
INSERT [dbo].[Student_Intake] ([Std_ID], [Intake_ID]) VALUES (1, 1)
INSERT [dbo].[Student_Intake] ([Std_ID], [Intake_ID]) VALUES (2, 2)
INSERT [dbo].[Student_Intake] ([Std_ID], [Intake_ID]) VALUES (3, 3)
INSERT [dbo].[Student_Intake] ([Std_ID], [Intake_ID]) VALUES (4, 4)
INSERT [dbo].[Student_Intake] ([Std_ID], [Intake_ID]) VALUES (5, 5)
INSERT [dbo].[Student_Intake] ([Std_ID], [Intake_ID]) VALUES (6, 6)
GO
INSERT [dbo].[Student_Track] ([Std_ID], [Track_ID]) VALUES (1, 1)
INSERT [dbo].[Student_Track] ([Std_ID], [Track_ID]) VALUES (2, 2)
INSERT [dbo].[Student_Track] ([Std_ID], [Track_ID]) VALUES (3, 3)
INSERT [dbo].[Student_Track] ([Std_ID], [Track_ID]) VALUES (4, 4)
INSERT [dbo].[Student_Track] ([Std_ID], [Track_ID]) VALUES (5, 5)
INSERT [dbo].[Student_Track] ([Std_ID], [Track_ID]) VALUES (6, 6)
GO
INSERT [dbo].[Students] ([Std_ID], [Std_Name], [Std_Age]) VALUES (1, N'Ahmed Gamal', 17)
INSERT [dbo].[Students] ([Std_ID], [Std_Name], [Std_Age]) VALUES (2, N'Fahmy Ahmed', 16)
INSERT [dbo].[Students] ([Std_ID], [Std_Name], [Std_Age]) VALUES (3, N'Magdy Atia', 19)
INSERT [dbo].[Students] ([Std_ID], [Std_Name], [Std_Age]) VALUES (4, N'Kareem Fathy', 20)
INSERT [dbo].[Students] ([Std_ID], [Std_Name], [Std_Age]) VALUES (5, N'Ayman Magdy', 20)
INSERT [dbo].[Students] ([Std_ID], [Std_Name], [Std_Age]) VALUES (6, N'Omar Saleh', 18)
GO
INSERT [dbo].[Students_take_Exam] ([Std_ID], [Exam_ID], [Questions_result], [Std_Answer_Text_Question], [Std_Answer_Choose_Question], [Std_Answer_True_or_False], [Questions_Id]) VALUES (1, 1, 10, N'collection of table', N'b', 1, 1)
INSERT [dbo].[Students_take_Exam] ([Std_ID], [Exam_ID], [Questions_result], [Std_Answer_Text_Question], [Std_Answer_Choose_Question], [Std_Answer_True_or_False], [Questions_Id]) VALUES (1, 1, 20, N'collection of table', N'b', 1, 2)
GO
INSERT [dbo].[Track] ([Track_ID], [Track_Name]) VALUES (1, N'.net')
INSERT [dbo].[Track] ([Track_ID], [Track_Name]) VALUES (2, N'Devops')
INSERT [dbo].[Track] ([Track_ID], [Track_Name]) VALUES (3, N'2D')
INSERT [dbo].[Track] ([Track_ID], [Track_Name]) VALUES (4, N'SW testing')
INSERT [dbo].[Track] ([Track_ID], [Track_Name]) VALUES (5, N'e-learning')
INSERT [dbo].[Track] ([Track_ID], [Track_Name]) VALUES (6, N'GIS')